,V1_in,V2_in,V3_in,t,V1,V2,V3,I1,I2,I3,ax,ay,az,gx,gy,gz
0,100,100,100,8000.0,50.93814432989691,49.064516129032256,48.65625,0.33039900049751253,0.35948440298507484,0.3588465228855728,0.0686896551724138,-0.27862068965517245,10.559034482758621,0.004068965517241379,-0.011655172413793102,0.09055172413793103
1,100,200,100,8000.0,70.42268041237114,138.89690721649484,65.96907216494846,0.1294806935323384,0.6917976323383087,0.14210984179104477,0.06762237762237762,-0.29167832167832175,10.576573426573425,0.0016083916083916086,-0.012657342657342658,0.16398601398601395
2,100,300,100,8000.0,69.03092783505154,133.88659793814432,67.63917525773196,0.13445581293532335,0.7377218457711447,0.14134443731343302,0.016083916083916086,-0.26678321678321676,10.555664335664336,0.0018881118881118883,-0.011818181818181818,0.16587412587412584
3,200,100,100,8000.0,132.77319587628867,65.69072164948453,71.55,0.7636178527363185,0.157104267403315,0.10875323505747134,0.064,-0.2990344827586207,10.56551724137931,0.0034482758620689655,-0.013655172413793104,0.15855172413793103
4,200,200,100,8000.0,151.1443298969072,148.63917525773195,85.5,0.5251231166666666,0.510779443283582,0.1033911543010753,0.009241379310344827,-0.257448275862069,10.560896551724138,0.0012413793103448274,-0.013517241379310345,0.22979310344827586
5,200,300,100,8000.0,160.86315789473684,245.50515463917526,89.62886597938144,0.3406219289340105,0.7116046500000002,0.1334406136125656,0.11379310344827587,-0.22062068965517245,10.601586206896553,0.00013793103448275855,-0.01413793103448276,0.30248275862068963
6,300,100,100,8000.0,237.43298969072166,72.98901098901099,84.34020618556701,0.8541906915422894,0.08935968383233525,0.07829420641711232,0.11117241379310346,-0.2357931034482759,10.598413793103449,0.0016551724137931032,-0.013724137931034483,0.22737931034482758
7,300,200,100,8000.0,243.83505154639175,167.56701030927834,88.79381443298969,0.739507682587065,0.299400182587065,0.1333850196969697,0.09722222222222222,-0.21256944444444445,10.601041666666667,-0.0008333333333333334,-0.012986111111111111,0.2916666666666667
8,300,300,100,8000.0,250.51546391752578,256.91752577319585,91.29896907216495,0.5608975665000002,0.5110345820895518,0.15343903280423285,0.06206896551724138,-0.22089655172413794,10.603655172413793,-0.0037931034482758625,-0.01475862068965517,0.36448275862068963
9,100,100,200,8000.0,66.97402597402598,67.98795180722891,120.85714285714286,0.1307025305194805,0.11355302857142854,0.776329216384181,0.07433566433566434,-0.1672727272727273,10.5993006993007,0.003006993006993007,-0.01146853146853147,0.1606993006993007
10,100,200,200,8000.0,79.05154639175258,154.76288659793815,150.58762886597938,0.07246373152173913,0.5221329601990051,0.4822042636815915,0.09365517241379312,-0.17482758620689656,10.599448275862068,-6.89655172413792e-05,-0.013862068965517243,0.23241379310344829
11,100,300,200,8000.0,84.34020618556701,241.88659793814432,154.20618556701032,0.10986872500000007,0.6549306024875623,0.35465703775510204,0.1276551724137931,-0.23910344827586208,10.593241379310344,-0.0011724137931034483,-0.01482758620689655,0.2955172413793103
12,200,100,200,8000.0,153.37113402061857,77.9381443298969,150.30927835051546,0.46408971641791064,0.108290949746193,0.5227707661691542,0.0890344827586207,-0.1882758620689655,10.59944827586207,0.0018620689655172416,-0.014689655172413793,0.17441379310344826
13,200,200,200,8000.0,162.0,152.2173913043478,162.83505154639175,0.32844200115606986,0.31325984114285765,0.3276015364705887,0.1303448275862069,-0.19910344827586204,10.59944827586207,0.0006206896551724136,-0.013517241379310345,0.2896551724137931
14,200,300,200,8000.0,177.30927835051546,257.7525773195876,171.18556701030928,0.1791043134328361,0.5822172686567163,0.22834523532338358,0.10717241379310345,-0.21179310344827587,10.591172413793101,-0.0015862068965517243,-0.014206896551724139,0.36186206896551726
15,300,100,200,8000.0,228.8041237113402,76.26804123711341,168.4020618556701,0.7513083647959187,0.11676073559322042,0.21844440276243088,0.0903448275862069,-0.17041379310344829,10.589655172413794,-0.0008965517241379312,-0.01427586206896552,0.2780689655172413
16,300,200,200,8000.0,245.7835051546392,165.33333333333334,168.52747252747253,0.6395710354609931,0.22694202014925383,0.15860793500000003,0.08144827586206899,-0.19351724137931037,10.582344827586205,-0.0013103448275862072,-0.014000000000000002,0.3417241379310345
17,300,300,200,8000.0,249.68041237113403,256.36082474226805,178.42268041237114,0.5003254664974617,0.43865445215053767,0.11570505000000005,0.10110344827586208,-0.17606896551724138,10.596758620689657,-0.001931034482758621,-0.01627586206896552,0.41620689655172416
18,100,100,300,8000.0,84.0618556701031,76.82474226804123,227.41237113402062,0.08495976218905478,0.10256402864583326,1.0691417562189058,0.10151724137931036,-0.15324137931034482,10.59262068965517,0.001103448275862069,-0.012551724137931035,0.2230344827586207
19,100,200,300,8000.0,92.41237113402062,165.340206185567,241.88659793814432,0.11593007978723409,0.29302184975124423,0.7418038905472639,0.00041379310344827547,-0.2455172413793103,10.571310344827586,-0.002482758620689655,-0.014206896551724139,0.29172413793103447
20,100,300,300,8000.0,88.51546391752578,259.1443298969072,258.03092783505156,0.1122591293532339,0.5172853731343288,0.5095037960199005,0.13544827586206898,-0.24151724137931035,10.58648275862069,-0.0003448275862068967,-0.015103448275862068,0.36710344827586205
21,200,100,300,8000.0,168.4020618556701,81.63529411764706,241.05154639175257,0.23497873034825892,0.10403764655172411,0.7628525422885575,0.1490277777777778,-0.23708333333333334,10.575833333333334,0.0008333333333333331,-0.016041666666666666,0.2954166666666667
22,200,200,300,8000.0,177.58762886597938,176.4742268041237,250.79381443298968,0.1729810905472639,0.17731836865671663,0.6809543830845776,0.1406896551724138,-0.23344827586206898,10.56841379310345,-0.0004137931034482759,-0.016413793103448274,0.3630344827586207
23,200,300,300,8000.0,182.31958762886597,263.5979381443299,263.5979381443299,0.10503215080213911,0.47467782686567167,0.4954713432835823,0.12420689655172415,-0.24931034482758624,10.580620689655174,-0.0020689655172413794,-0.016206896551724137,0.43448275862068964
24,300,100,300,8000.0,263.87628865979383,85.73195876288659,257.7525773195876,0.469064856716418,0.0961899847457627,0.570863731343284,0.13414285714285715,-0.26378571428571435,10.577357142857142,0.000642857142857143,-0.016714285714285713,0.35435714285714287
25,300,200,300,8000.0,265.82474226804123,179.53608247422682,260.25773195876286,0.39456543781094555,0.15111825585106378,0.47722916467661697,0.10450704225352114,-0.23816901408450705,10.578169014084507,-0.002464788732394366,-0.017746478873239435,0.42147887323943656
26,300,300,300,8000.0,272.78350515463916,272.22680412371136,269.16494845360825,0.32682717064676653,0.3149634014925377,0.34794716787564767,0.1,-0.2117241379310345,10.600896551724139,-0.00496551724137931,-0.018689655172413795,0.48986206896551726
27,-100,100,100,8000.0,-24.49484536082474,39.24742268041237,40.63917525773196,0.809287114427861,0.5130756671641792,0.49164435920397986,0.10662068965517241,-0.21075862068965517,10.59151724137931,0.006137931034482759,-0.011862068965517242,0.023931034482758618
28,-100,200,100,8000.0,-35.010989010989015,140.84536082474227,57.81521739130435,0.6957522388059704,0.6813369751243782,0.3115190462686572,0.12648275862068967,-0.23558620689655174,10.585103448275863,0.005103448275862069,-0.014413793103448275,0.09441379310344826
29,-100,300,100,8000.0,-37.02061855670103,244.11340206185568,63.47872340425532,0.592592713131313,0.7116980497512438,0.21899508316326555,0.13393103448275864,-0.22324137931034485,10.588344827586207,0.003310344827586207,-0.014551724137931037,0.1589655172413793
30,-200,100,100,8000.0,-133.05154639175257,43.97938144329897,40.63917525773196,0.8619723283582098,0.48717947761194036,0.5193265024875617,0.0653793103448276,-0.2832413793103449,10.584206896551724,0.006965517241379311,-0.009862068965517242,-0.03179310344827586
31,-200,200,100,8000.0,-136.39175257731958,144.7422680412371,46.66304347826087,0.8222988905472639,0.61666044278607,0.40298486069651773,0.057379310344827586,-0.23896551724137935,10.581793103448275,0.005724137931034483,-0.011793103448275862,0.028620689655172418
32,-200,300,100,8000.0,-138.61855670103094,252.18556701030928,58.24285714285714,0.7554536567164176,0.674831164179104,0.2998427433673475,0.07682758620689656,-0.2516551724137931,10.578965517241379,0.003172413793103448,-0.012551724137931035,0.09820689655172413
33,-300,100,100,8000.0,-241.88659793814432,45.649484536082475,40.63917525773196,0.8462816567164182,0.44610271741293517,0.5029978507462686,0.06875862068965516,-0.26082758620689656,10.576413793103448,0.007448275862068966,-0.010206896551724139,-0.08937931034482759
34,-300,200,100,8000.0,-241.88659793814432,147.8041237113402,49.3448275862069,0.8203853184079604,0.5679296567164178,0.3929070666666668,0.07993103448275862,-0.24896551724137933,10.575586206896553,0.007793103448275862,-0.009586206896551723,-0.03289655172413793
35,-300,300,100,8000.0,-243.83505154639175,253.02061855670104,48.10344827586207,0.8029087313432843,0.61474692039801,0.3458346776119406,0.04482758620689655,-0.22455172413793106,10.583793103448276,0.0058620689655172415,-0.011448275862068966,0.032413793103448274
36,-100,100,200,8000.0,-33.03191489361702,63.74226804123711,132.2164948453608,0.7619596517412942,0.22515606766169224,0.8007399054726372,0.06786206896551725,-0.2293103448275862,10.576827586206896,0.0031724137931034486,-0.01386206896551724,0.08627586206896551
37,-100,200,200,8000.0,-35.628865979381445,148.63917525773195,148.08247422680412,0.732108905472637,0.5152442885572137,0.5313178159203982,0.05289655172413793,-0.21186206896551724,10.591241379310345,0.00206896551724138,-0.013931034482758621,0.15193103448275863
38,-100,300,200,8000.0,-32.666666666666664,248.84536082474227,143.71875,0.6425586907608691,0.6329967505050507,0.33903112010582026,0.07034482758620689,-0.23544827586206896,10.581379310344829,0.0023448275862068962,-0.01386206896551724,0.20889655172413793
39,-200,100,200,8000.0,-132.49484536082474,62.890243902439025,137.7835051546392,0.8099248855721399,0.2635537701492543,0.7674450796019902,0.045655172413793105,-0.26917241379310347,10.571586206896551,0.003862068965517241,-0.011310344827586206,0.028689655172413793
40,-200,200,200,8000.0,-135.55670103092783,152.2577319587629,150.03092783505156,0.8289324676616925,0.4915167064676617,0.5333588955223879,0.031793103448275864,-0.27779310344827585,10.567241379310344,0.004413793103448277,-0.012551724137931035,0.08924137931034483
41,-200,300,200,8000.0,-135.83505154639175,256.36082474226805,157.2680412371134,0.7808395626865676,0.6097718407960198,0.4181654179104478,0.0776551724137931,-0.23213793103448274,10.571724137931035,0.004,-0.014620689655172414,0.15799999999999997
42,-300,100,200,8000.0,-243.55670103092783,58.7319587628866,139.17525773195877,0.8367140547263685,0.2639210469696976,0.7236894527363187,0.057862068965517245,-0.25668965517241377,10.56351724137931,0.007517241379310345,-0.009793103448275862,-0.041034482758620684
43,-300,200,200,8000.0,-233.81443298969072,151.70103092783506,144.40449438202248,0.8615897512437818,0.4577113587064675,0.5367780914141415,0.049379310344827586,-0.2726896551724138,10.563310344827585,0.006758620689655172,-0.011379310344827587,0.037103448275862067
44,-300,300,200,8000.0,-242.44329896907217,255.24742268041237,151.97938144329896,0.7821151691542294,0.5445847711442787,0.4139557019900497,0.08924137931034484,-0.23193103448275865,10.56455172413793,0.008827586206896552,-0.020620689655172414,0.09386206896551723
45,-100,100,300,8000.0,-35.07216494845361,66.09375,242.16494845360825,0.682515347738694,0.20172666683673507,0.8097974129353235,0.0809655172413793,-0.21344827586206894,10.570275862068964,0.002413793103448276,-0.013241379310344829,0.14406896551724138
46,-100,200,300,8000.0,-32.28865979381443,162.83505154639175,242.72164948453607,0.6660093794871798,0.27264505628140745,0.7484374925373137,0.05565517241379311,-0.17406896551724138,10.57137931034483,0.002482758620689655,-0.013103448275862068,0.20551724137931032
47,-100,300,300,8000.0,-36.4639175257732,258.58762886597935,261.0927835051546,0.6362822109999998,0.49598162686567165,0.48590375174129347,0.08337931034482758,-0.17220689655172414,10.573310344827586,0.000896551724137931,-0.01406896551724138,0.2849655172413793
48,-200,100,300,8000.0,-134.16494845360825,63.74226804123711,238.5463917525773,0.7208828855721399,0.20779894687500033,0.7367012099502488,0.06317241379310345,-0.2175862068965517,10.570689655172414,0.004758620689655172,-0.01310344827586207,0.09420689655172414
49,-200,200,300,8000.0,-141.1237113402062,167.28865979381445,249.68041237113403,0.7646384925373136,0.29888992587064744,0.6907770497512433,0.07206896551724139,-0.22131034482758624,10.570896551724136,0.0019310344827586205,-0.012827586206896552,0.14779310344827587
50,-200,300,300,8000.0,-135.83505154639175,246.89690721649484,242.72164948453607,0.7273888417910452,0.4999361447761194,0.5154994378109453,0.07275862068965519,-0.1957241379310345,10.564827586206897,0.0006206896551724142,-0.016,0.21062068965517242
51,-300,100,300,8000.0,-244.11340206185568,64.57731958762886,64.57731958762886,0.7888761393034833,0.20984800746268695,0.7370839402985082,0.0766896551724138,-0.18503448275862067,10.578413793103447,0.005103448275862069,-0.011379310344827587,0.023655172413793106
52,-300,200,300,8000.0,-244.94845360824743,167.01030927835052,246.89690721649484,0.8020157562189058,0.27618298258706514,0.6925630696517416,0.0913103448275862,-0.1973103448275862,10.56751724137931,0.0021379310344827587,-0.011586206896551725,0.08013793103448276
53,-300,300,300,8000.0,-246.89690721649484,259.97938144329896,259.97938144329896,0.7802016069651746,0.47187129850746284,0.49559890049751276,0.14855172413793102,-0.18903448275862073,10.564344827586206,0.00041379310344827585,-0.013241379310344827,0.1526206896551724
54,100,-100,100,8000.0,39.638297872340424,-35.350515463917525,46.20618556701031,0.47148862238805966,0.6574819999999999,0.4514604980099498,0.08765517241379311,-0.22848275862068962,10.568758620689655,0.005241379310344828,-0.011448275862068966,0.025241379310344828
55,100,-200,100,8000.0,51.21649484536083,-142.79381443298968,48.98969072164948,0.4026021592039801,0.6864397114427866,0.3893351293532339,0.08606896551724139,-0.24427586206896554,10.573862068965518,0.005310344827586207,-0.01103448275862069,-0.03848275862068966
56,100,-300,100,8000.0,51.57303370786517,-241.60824742268042,46.607142857142854,0.3568373244791669,0.6836333930348261,0.38542486947368443,0.12917241379310346,-0.26310344827586213,10.56255172413793,0.006275862068965518,-0.010482758620689658,-0.10317241379310345
57,200,-100,100,8000.0,137.22680412371133,-40.63917525773196,68.75257731958763,0.803674019900498,0.5716291791044777,0.11719752676767693,0.0926896551724138,-0.18206896551724136,10.570758620689656,0.004206896551724138,-0.012758620689655172,0.08324137931034482
58,200,-200,100,8000.0,141.1237113402062,-144.7422680412371,68.75257731958763,0.6920528009950246,0.6767447064676618,0.15231521243781118,0.07793103448275862,-0.2067586206896552,10.556068965517243,0.004827586206896552,-0.010827586206896552,0.024482758620689653
59,200,-300,100,8000.0,140.56701030927834,-238.16842105263157,63.10112359550562,0.6042736939999999,0.6609495945945946,0.2018138659863944,0.1417241379310345,-0.21544827586206897,10.558827586206897,0.0036551724137931034,-0.012758620689655173,-0.03910344827586207
60,300,-100,100,8000.0,244.94845360824743,-41.1958762886598,76.54639175257732,0.8082665223880605,0.5174129303482584,0.10987104404145084,0.1307586206896552,-0.26234482758620686,10.568137931034483,0.0013793103448275863,-0.012620689655172414,0.15131034482758618
61,300,-200,100,8000.0,244.94845360824743,-145.29896907216494,73.48453608247422,0.779053572139304,0.6240593233830845,0.11465382176165814,0.04806896551724139,-0.2396551724137931,10.575310344827587,0.002896551724137931,-0.010068965517241379,0.07682758620689656
62,300,-300,100,8000.0,252.46391752577318,-252.7422680412371,66.80412371134021,0.6900116616915423,0.6694733582089553,0.12186370107526896,0.09689655172413794,-0.2536551724137931,10.573724137931034,0.004896551724137931,-0.010137931034482758,0.020896551724137933
63,100,-100,200,8000.0,69.8659793814433,-39.24742268041237,129.71134020618555,0.10846145850000008,0.57892040201005,0.8194923134328369,0.13358620689655173,-0.24634482758620688,10.57393103448276,0.004206896551724138,-0.011724137931034483,0.08296551724137931
64,100,-200,200,8000.0,66.80412371134021,-141.4020618556701,138.61855670103094,0.14300281044776145,0.6721522890547262,0.7142494283582091,0.17379310344827587,-0.2338620689655173,10.57793103448276,0.00496551724137931,-0.013655172413793104,0.02317241379310345
65,100,-300,200,8000.0,65.96907216494846,-246.61855670103094,138.06185567010309,0.18829302929292924,0.7152699800995024,0.6594716841836737,6.896551724136558e-05,-0.16255172413793104,10.55703448275862,0.013379310344827587,-0.0025517241379310347,-0.05779310344827585
66,200,-100,200,8000.0,156.71134020618555,-37.855670103092784,144.4787234042553,0.4555427114427861,0.5693329601990049,0.4601350995024877,0.03731034482758621,-0.25482758620689655,10.56662068965517,0.0020689655172413794,-0.01282758620689655,0.154
67,200,-200,200,8000.0,152.53608247422682,-137.50515463917526,149.4742268041237,0.44071320913705586,0.6600955135678391,0.41714483681592035,0.09062068965517242,-0.2908965517241379,10.562620689655171,0.002620689655172414,-0.010758620689655173,0.08806896551724137
68,200,-300,200,8000.0,157.82474226804123,-248.84536082474227,154.20618556701032,0.42237514427860706,0.700982393034826,0.41472106965174144,0.05358620689655173,-0.26675862068965517,10.570827586206896,0.0054482758620689655,-0.011379310344827587,0.02282758620689655
69,300,-100,200,8000.0,247.17525773195877,-37.207317073170735,172.29896907216494,0.7439726318407964,0.5843858313432834,0.1660924621890548,0.037586206896551726,-0.23413793103448272,10.557862068965516,0.0008275862068965517,-0.014344827586206896,0.21434482758620688
70,300,-200,200,8000.0,253.57731958762886,-140.56701030927834,171.7422680412371,0.6821024925373134,0.6471490696517418,0.22681446616915457,0.020965517241379312,-0.2540689655172414,10.554689655172412,0.003172413793103448,-0.013379310344827587,0.14427586206896553
71,300,-300,200,7794.26,254.41237113402062,-253.57731958762886,168.95876288659792,0.6250799203980102,0.6659014328358211,0.23676469651741344,0.002553191489361698,-0.2373758865248227,10.543262411347516,0.006312056737588653,-0.004468085106382978,0.074822695035461
72,100,-100,300,8000.0,77.65979381443299,-38.96907216494845,233.53608247422682,0.09854462378378386,0.5132032343283583,0.8603139606965186,0.13165517241379307,-0.24875862068965518,10.553931034482758,0.003586206896551724,-0.012620689655172414,0.1450344827586207
73,100,-200,300,8000.0,73.48453608247422,-144.7422680412371,238.5463917525773,0.10205120550000008,0.6150020895522389,0.8067356865671651,0.0373611111111111,-0.27826388888888887,10.544236111111111,0.0022916666666666662,-0.010902777777777779,0.08555555555555555
74,100,-300,300,8000.0,68.47422680412372,-246.89690721649484,246.340206185567,0.13838211804123737,0.6563338263681596,0.7342775472636816,-0.007862068965517239,-0.2522758620689655,10.55144827586207,0.004896551724137931,-0.008896551724137931,0.02006896551724138
75,200,-100,300,8000.0,173.69072164948454,-41.90625,248.28865979381445,0.182038357711443,0.49942595024875636,0.7233067910447764,0.00041379310344827623,-0.24813793103448273,10.552206896551725,-0.0010344827586206897,-0.013034482758620689,0.21434482758620688
76,200,-200,300,8000.0,174.24742268041237,-140.84536082474227,247.17525773195877,0.20780692686567193,0.6411533781094528,0.7123359850746271,-0.04275862068965518,-0.278,10.545103448275862,0.0026896551724137933,-0.011793103448275862,0.1473103448275862
77,200,-300,300,8000.0,170.35051546391753,-249.95876288659792,251.0721649484536,0.2186607744444448,0.6551680051546395,0.6498485591397849,0.14648275862068966,-0.2596551724137931,10.561793103448275,0.005310344827586208,-0.012206896551724139,0.08337931034482758
78,300,-100,300,8000.0,258.58762886597935,-36.66315789473684,260.25773195876286,0.4603902293532333,0.5050389258706468,0.4662583781094529,-0.01020689655172414,-0.2522758620689655,10.546413793103449,-0.0006896551724137932,-0.01379310344827586,0.2791034482758621
79,300,-200,300,8000.0,257.1958762886598,-141.1237113402062,258.03092783505156,0.42314391361256565,0.5969553026041666,0.456622732642487,0.06848275862068966,-0.23848275862068968,10.55,0.0022068965517241376,-0.014000000000000002,0.21165517241379309
80,300,-300,300,8000.0,266.3814432989691,-251.90721649484536,264.9896907216495,0.41893084676616915,0.6400052288557213,0.44036216019900504,0.06435714285714285,-0.201,10.54592857142857,0.007500000000000001,-0.006714285714285714,0.14771428571428571
81,100,100,-100,8000.0,37.6875,38.35227272727273,-23.44736842105263,0.4790619608040201,0.41205116799999963,0.717139043157895,0.10013793103448278,-0.1819310344827586,10.547724137931034,0.006206896551724138,-0.010482758620689656,0.02855172413793104
82,100,200,-100,8000.0,54.0,144.46391752577318,-35.90721649484536,0.34621739353233866,0.6264831791044779,0.6211253830845771,0.08310344827586208,-0.23751724137931032,10.55455172413793,0.003241379310344828,-0.013310344827586206,0.0886206896551724
83,100,300,-100,8000.0,57.640449438202246,242.72164948453607,-35.06896551724138,0.29997061193181807,0.6535706134408602,0.5675992335227275,0.04110344827586207,-0.23117241379310352,10.559241379310345,0.001103448275862069,-0.012275862068965518,0.1446206896551724
84,200,100,-100,8000.0,135.83505154639175,64.29896907216495,-25.608247422680414,0.807373498009951,0.19977019900497556,0.7378629751269037,0.08000000000000002,-0.13331034482758622,10.557724137931034,0.001931034482758621,-0.010896551724137931,0.08372413793103449
85,200,200,-100,8000.0,150.8659793814433,151.42268041237114,-28.948453608247423,0.5458605223880596,0.5082280696517412,0.7332569552238813,0.1230344827586207,-0.1875172413793104,10.556689655172415,-0.0005517241379310343,-0.013517241379310345,0.1543448275862069
86,200,300,-100,8000.0,161.72164948453607,250.23711340206185,-34.51546391752577,0.38270169800995013,0.6429393582089555,0.6616917611940296,0.050344827586206904,-0.2189655172413793,10.560413793103447,-0.0021379310344827587,-0.012275862068965518,0.2246896551724138
87,300,100,-100,8000.0,239.93814432989691,68.75257731958763,-31.45360824742268,0.8339075273631842,0.15631900761421313,0.6818473880597016,0.07393103448275863,-0.16717241379310346,10.561241379310346,0.0008965517241379307,-0.012206896551724139,0.15124137931034481
88,300,200,-100,8000.0,239.10309278350516,163.94845360824743,-32.68421052631579,0.733169039037433,0.27830884054054095,0.6534328231182794,0.08641379310344828,-0.15,10.559999999999999,-0.001931034482758621,-0.011586206896551725,0.21441379310344827
89,300,300,-100,8000.0,253.29896907216494,251.62886597938143,-30.0375,0.5133575607329841,0.5296432597883597,0.6516541357512953,0.10220689655172414,-0.19275862068965519,10.551517241379308,-0.0033103448275862064,-0.01475862068965517,0.28655172413793106
90,100,100,-200,8000.0,39.24742268041237,43.144329896907216,-130.5463917525773,0.49649187064676625,0.45911458706467695,0.8322491293532346,0.08889655172413793,-0.154,10.538620689655172,0.006344827586206896,-0.009586206896551723,-0.03655172413793104
91,100,200,-200,8000.0,42.3,143.0721649484536,-126.09278350515464,0.3925047661538462,0.578112763917526,0.8043118368159207,0.12131034482758624,-0.13855172413793104,10.545931034482757,0.005379310344827587,-0.009103448275862068,0.03841379310344828
92,100,300,-200,8000.0,53.024096385542165,239.38144329896906,-128.17894736842106,0.3092418043956048,0.5836204636815919,0.6858315484536087,0.08406896551724137,-0.14200000000000002,10.559724137931033,-0.0014482758620689654,-0.011172413793103448,0.09820689655172413
93,200,100,-200,8000.0,133.60824742268042,60.75,-125.25773195876289,0.779818975124379,0.2440359955223886,0.8265085726368165,0.09737931034482758,-0.19393103448275864,10.538000000000002,0.008344827586206896,-0.009586206896551725,0.014758620689655173
94,200,200,-200,8000.0,151.1443298969072,151.97938144329896,-131.38144329896906,0.5234086368159204,0.5024875378109454,0.7935962238805978,0.09110344827586207,-0.18248275862068966,10.544344827586208,0.006206896551724138,-0.011103448275862071,0.08958620689655171
95,200,300,-200,8000.0,156.43298969072166,249.68041237113403,-134.72164948453607,0.36462834512820547,0.6275375729166665,0.715014852238806,0.05241379310344827,-0.21310344827586206,10.538827586206894,-1.914177628664063e-19,-0.011862068965517242,0.1559310344827586
96,300,100,-200,8000.0,242.16494845360825,66.80412371134021,-130.82474226804123,0.7798190398009949,0.19696370895522416,0.7646385825870647,-0.013103448275862066,-0.18275862068965518,10.53158620689655,0.0037931034482758625,-0.010482758620689656,0.08868965517241378
97,300,200,-200,8000.0,241.05154639175257,162.0,-126.64948453608247,0.732364070149254,0.3033112241206037,0.7633628124378116,0.05179310344827587,-0.21544827586206897,10.529034482758622,0.0007586206896551722,-0.013724137931034483,0.15655172413793106
98,300,300,-200,8000.0,256.08247422680415,254.41237113402062,-126.9278350515464,0.511250643367347,0.49960755255102024,0.7966263110526322,0.10986206896551724,-0.21110344827586208,10.525241379310344,-0.001931034482758621,-0.01310344827586207,0.22551724137931037
99,100,100,-300,8000.0,36.84375,46.37647058823529,-228.8041237113402,0.45396569222797883,0.370459240625,0.8537945414141418,0.027862068965517236,-0.218,10.529655172413795,0.006758620689655173,-0.008689655172413793,-0.08827586206896551
100,100,200,-300,8000.0,48.10344827586207,140.84536082474227,-234.9278350515464,0.41341001711229947,0.5792780163265305,0.8275639565000009,0.021839999999999995,-0.13384000000000001,10.544,0.006239999999999999,-0.008,-0.028560000000000002
101,100,300,-300,8000.0,50.93814432989691,248.84536082474227,-239.93814432989691,0.346991153266332,0.6586300651741293,0.8027811000000006,0.04324137931034482,-0.17227586206896553,10.547241379310345,0.003724137931034483,-0.01206896551724138,0.04379310344827586
102,200,100,-300,8000.0,138.89690721649484,62.07216494845361,-237.15463917525773,0.720755432835821,0.2440359980099507,0.8529149303482592,0.048413793103448274,-0.14579310344827587,10.530344827586205,0.006137931034482759,-0.01,-0.03420689655172414
103,200,200,-300,8000.0,146.96907216494844,152.53608247422682,-238.5463917525773,0.5287664676616917,0.479109655329949,0.8506186865671654,0.07013793103448276,-0.19282758620689655,10.52793103448276,0.004827586206896551,-0.010689655172413793,0.028620689655172418
104,200,300,-300,8000.0,144.18556701030928,237.15463917525773,-224.35051546391753,0.4239404046632124,0.5870648383084576,0.7638729611940305,0.06675862068965517,-0.1891034482758621,10.541034482758619,0.00048275862068965464,-0.015034482758620687,0.09875862068965516
105,300,100,-300,8000.0,231.58762886597938,55.51685393258427,-228.5257731958763,0.7629256076502741,0.21756922781065127,0.7796297566666678,0.06979310344827587,-0.15124137931034481,10.53758620689655,0.005241379310344828,-0.010689655172413793,0.034482758620689655
106,300,200,-300,8000.0,236.8762886597938,141.1237113402062,-225.46391752577318,0.680954385572139,0.35491081092896165,0.8194274555555565,0.04758620689655173,-0.15724137931034482,10.533999999999999,-0.0005517241379310347,-0.012620689655172414,0.09910344827586207
107,300,300,-300,8000.0,258.58762886597935,261.0927835051546,-240.2164948453608,0.5561934776119405,0.5294042537313434,0.8327593034825876,0.14110344827586208,-0.21220689655172417,10.519310344827586,-0.0062758620689655166,-0.019862068965517243,0.14489655172413793
108,-100,-100,100,8000.0,-40.91752577319588,-42.06315789473684,26.4,0.5616789253731346,0.5195815970149256,0.787090348258707,0.11675862068965517,-0.20144827586206898,10.569793103448275,0.006689655172413793,-0.010896551724137931,-0.043517241379310345
109,-100,-200,100,8000.0,-54.325301204819276,-143.0721649484536,30.34020618556701,0.34481414975124425,0.6718971442786071,0.7113154378109456,0.05475862068965517,-0.23544827586206896,10.554344827586208,0.009172413793103448,-0.009448275862068966,-0.11213793103448275
110,-100,-300,100,8000.0,-57.618556701030926,-241.3298969072165,36.0,0.30412021990049787,0.707743448258707,0.625207497512438,0.08793103448275862,-0.21524137931034482,10.55248275862069,0.01013793103448276,-0.01013793103448276,-0.16882758620689653
111,-200,-100,100,8000.0,-133.60824742268042,-61.51546391752577,27.852631578947367,0.8244674726368165,0.22954802328042365,0.7358082900497519,0.078,-0.2120689655172414,10.544689655172414,0.009310344827586208,-0.00993103448275862,-0.10399999999999998
112,-200,-200,100,8000.0,-151.97938144329896,-152.53608247422682,30.896907216494846,0.5639751194029846,0.5114173134328356,0.7011099502487567,0.0723448275862069,-0.19241379310344828,10.562689655172415,0.009655172413793102,-0.007310344827586207,-0.1742758620689655
113,-200,-300,100,8000.0,-159.77319587628867,-237.15463917525773,34.67045454545455,0.35397741743589756,0.6989413189054731,0.6155162779487181,0.12082758620689654,-0.2351034482758621,10.55406896551724,0.00910344827586207,-0.008344827586206896,-0.23206896551724138
114,-300,-100,100,8000.0,-232.97938144329896,-62.526315789473685,29.612903225806452,0.8312285228855727,0.19574394072164972,0.6637328263681592,0.08710344827586206,-0.18048275862068966,10.552137931034482,0.008827586206896552,-0.00903448275862069,-0.16296551724137928
115,-300,-200,100,8000.0,-242.44329896907217,-165.89690721649484,25.74418604651163,0.775991925870647,0.28664346616915487,0.7341499258706473,0.0882758620689655,-0.1844137931034483,10.55855172413793,0.009724137931034483,-0.006965517241379311,-0.23337931034482762
116,-300,-300,100,8000.0,-258.8659793814433,-256.08247422680415,29.7,0.5522388905472637,0.5133307910447757,0.7082538208955226,0.08310344827586207,-0.21710344827586206,10.538896551724138,0.011793103448275862,-0.008275862068965517,-0.3041379310344827
117,-100,-100,200,8000.0,-40.08247422680412,-43.97938144329897,125.25773195876289,0.49929834825870606,0.43692295099999984,0.8575074383084581,0.08441379310344829,-0.1566896551724138,10.54710344827586,0.006206896551724138,-0.009379310344827585,0.010620689655172414
118,-100,-200,200,8000.0,-46.819148936170215,-143.90721649484536,131.93814432989691,0.3746648905472636,0.636050711442786,0.7833909104477613,0.14324137931034486,-0.1504137931034483,10.548896551724138,0.006,-0.011241379310344829,-0.04937931034482758
119,-100,-300,200,8000.0,-55.86206896551724,-247.4536082474227,133.88659793814432,0.3161115353233836,0.6657739154228857,0.7315985875621892,0.176,-0.21599999999999997,10.546551724137931,0.006965517241379311,-0.009793103448275862,-0.11551724137931034
120,-200,-100,200,8000.0,-127.96875,-57.41379310344828,131.38144329896906,0.7498407726368167,0.26963117083333393,0.7895355091370563,0.10241379310344828,-0.29179310344827586,10.52848275862069,0.004068965517241379,-0.01282758620689655,-0.0336551724137931
121,-200,-200,200,8000.0,-142.79381443298968,-144.7422680412371,125.25773195876289,0.5218935851282054,0.4771062301020408,0.7923205582089554,0.060275862068965506,-0.1677931034482759,10.548413793103448,0.006068965517241379,-0.00882758620689655,-0.10455172413793103
122,-200,-300,200,8000.0,-156.71134020618555,-253.02061855670104,135.83505154639175,0.41663458208955195,0.665136034825871,0.7905346517412943,0.06496551724137932,-0.1988965517241379,10.550758620689653,0.008827586206896552,-0.008206896551724137,-0.17303448275862066
123,-300,-100,200,8000.0,-229.08247422680412,-59.28865979381443,122.75257731958763,0.7722313579787243,0.18378610239520962,0.7596674994594598,0.05765517241379311,-0.23896551724137935,10.519862068965518,0.003655172413793103,-0.008827586206896552,-0.10524137931034483
124,-300,-200,200,8000.0,-233.81443298969072,-159.49484536082474,126.09278350515464,0.7705065074626872,0.2892097385786809,0.8453884333333347,0.03620689655172414,-0.17786206896551723,10.556275862068965,0.010827586206896552,-0.008206896551724137,-0.1646206896551724
125,-300,-300,200,8000.0,-250.51546391752578,-253.02061855670104,129.98969072164948,0.5532594393034826,0.4883276074626862,0.7539228716417916,0.1063448275862069,-0.1923448275862069,10.539172413793102,0.009310344827586208,-0.008,-0.23682758620689656
126,-100,-100,300,8000.0,-39.619565217391305,-45.84375,237.98969072164948,0.4719989104477611,0.4283707960199009,0.8430924925373141,0.042551724137931034,-0.1809655172413793,10.53055172413793,0.0016551724137931034,-0.011586206896551725,0.07951724137931032
127,-100,-200,300,8000.0,-48.98969072164948,-48.98969072164948,241.3298969072165,0.3811708965174129,0.5556831791044777,0.8099247373134335,0.03893617021276596,-0.16070921985815603,10.543829787234042,0.003971631205673759,-0.009361702127659575,0.010709219858156028
128,-100,-300,300,8000.0,-49.09090909090909,-245.7835051546392,229.63917525773195,0.37506522551020405,0.5829826731343287,0.8004849109452741,0.04062068965517242,-0.17213793103448277,10.539931034482759,0.005724137931034483,-0.012413793103448277,-0.059448275862068974
129,-200,-100,300,8000.0,-134.16494845360825,-53.57142857142857,242.16494845360825,0.677912913450292,0.28222085562913934,0.747662312352941,0.04772413793103448,-0.1675862068965517,10.541379310344828,0.00703448275862069,-0.010758620689655173,0.017448275862068967
130,-200,-200,300,8000.0,-148.91752577319588,-148.63917525773195,237.43298969072166,0.5231535079601985,0.44788032663316596,0.7893864840796023,0.061379310344827576,-0.13986206896551726,10.554344827586206,0.009517241379310346,-0.00786206896551724,-0.047379310344827584
131,-200,-300,300,8000.0,-152.2577319587629,-254.1340206185567,240.77319587628867,0.4619349025773197,0.5523664532338305,0.8152827417910454,0.09020689655172412,-0.19855172413793104,10.53248275862069,0.007793103448275862,-0.009448275862068966,-0.12344827586206895
132,-300,-100,300,8000.0,-232.97938144329896,-58.82142857142857,231.30927835051546,0.7414881153005469,0.22719119709302346,0.7695110983606566,0.07662068965517241,-0.14862068965517242,10.550275862068965,0.0042068965517241385,-0.010275862068965518,-0.04806896551724137
133,-300,-200,300,8000.0,-246.06185567010309,-162.0,234.09574468085106,0.7312158805970149,0.36701091442786105,0.8506186815920403,0.06558620689655172,-0.18482758620689654,10.542,0.008068965517241379,-0.009172413793103448,-0.10951724137931033
134,-300,-300,300,7232.46,-252.46391752577318,-255.8041237113402,235.20618556701032,0.563968383246073,0.5273925355191256,0.7750644031746033,0.05753846153846154,-0.1737692307692308,10.529769230769231,0.012076923076923077,-0.003692307692307693,-0.1515384615384615
135,-100,100,-100,8000.0,-45.09278350515464,35.04255319148936,-42.47191011235955,0.44941942835820914,0.6511035920398007,0.42620212935323365,0.08027586206896552,-0.22937931034482759,10.568620689655171,0.007655172413793104,-0.0125,-0.04510344827586207
136,-100,200,-100,8000.0,-47.463157894736845,136.98947368421054,-50.93814432989691,0.418673722727273,0.6957521597014925,0.3811008680203046,0.07800000000000001,-0.2608965517241379,10.575931034482759,0.006827586206896552,-0.011586206896551725,0.018482758620689654
137,-100,300,-100,8000.0,-50.93814432989691,247.4536082474227,-50.96629213483146,0.39673404975124404,0.7142493880597017,0.37517508955223844,0.07241379310344828,-0.26682758620689656,10.556137931034481,0.0053793103448275875,-0.01310344827586207,0.08344827586206896
138,-200,100,-100,8000.0,-128.8762886597938,41.258426966292134,-67.64835164835165,0.7496554682795701,0.5578777005780349,0.1322612271186441,0.06664285714285714,-0.23842857142857143,10.562785714285715,0.008357142857142858,-0.011000000000000001,-0.10714285714285714
139,-200,200,-100,8000.0,-144.18556701030928,147.24742268041237,-67.08247422680412,0.6795512099502489,0.6165329308457717,0.166092464676617,0.07272727272727272,-0.2262937062937063,10.555594405594405,0.004615384615384617,-0.00937062937062937,-0.04286713286713287
140,-200,300,-100,8000.0,-148.08247422680412,251.62886597938143,-66.24742268041237,0.6111553510309276,0.6588852099502489,0.16789400797872342,0.14255172413793102,-0.2787586206896552,10.563931034482758,0.003103448275862069,-0.012758620689655173,0.021793103448275862
141,-300,100,-100,8000.0,-248.28865979381445,41.75257731958763,-75.15463917525773,0.777522825870647,0.5368032736318409,0.10742231684210528,0.10848275862068966,-0.28717241379310343,10.568827586206897,0.009103448275862071,-0.00806896551724138,-0.17544827586206896
142,-300,200,-100,8000.0,-242.44329896907217,145.02061855670104,-74.04123711340206,0.7633628258706474,0.5554280651741293,0.10670397447916664,0.06331034482758621,-0.2548965517241379,10.561103448275862,0.00903448275862069,-0.009931034482758621,-0.10524137931034482
143,-300,300,-100,8000.0,-249.1237113402062,251.35051546391753,-69.03092783505154,0.712718661691543,0.625079955721393,0.11506401500000005,0.08227586206896552,-0.2364827586206897,10.559586206896551,0.006965517241379312,-0.009172413793103448,-0.03786206896551724
144,-100,100,-200,8000.0,-68.19587628865979,36.10843373493976,-135.0,0.13597915531914903,0.5564233964467001,0.758642776119404,0.12317241379310344,-0.2493793103448276,10.585655172413794,0.009655172413793104,-0.009241379310344827,-0.10558620689655171
145,-100,200,-200,8000.0,-67.63917525773196,142.23711340206185,-145.57731958762886,0.1637962696517415,0.6259728656716419,0.6824852587064677,0.1356551724137931,-0.24110344827586208,10.562827586206897,0.007517241379310345,-0.010344827586206896,-0.04441379310344827
146,-100,300,-200,8000.0,-66.24742268041237,250.23711340206185,-143.62886597938143,0.18216592189054742,0.6840159303482591,0.6528896119402986,0.12296551724137933,-0.2576551724137931,10.555586206896551,0.005310344827586207,-0.011724137931034483,0.025724137931034487
147,-200,100,-200,8000.0,-153.9278350515464,41.47422680412371,-153.37113402061857,0.4565632238805966,0.5630821044776119,0.4483989004975127,0.01262068965517241,-0.25965517241379305,10.552,0.010413793103448275,-0.00793103448275862,-0.1712413793103448
148,-200,200,-200,8000.0,-156.71134020618555,143.62886597938143,-152.53608247422682,0.4227578208955224,0.653910089552239,0.460390263681592,0.012344827586206891,-0.2755172413793104,10.570413793103448,0.009241379310344829,-0.00813793103448276,-0.10510344827586206
149,-200,300,-200,8000.0,-158.93814432989691,247.4536082474227,-151.3186813186813,0.40474337499999974,0.6606711592039801,0.4255643532338308,0.05082758620689655,-0.27248275862068966,10.556,0.005655172413793104,-0.009655172413793102,-0.03944827586206896
150,-300,100,-200,8000.0,-253.02061855670104,41.75257731958763,-174.24742268041237,0.723434273631841,0.518561039800995,0.18062032044198903,0.03062068965517241,-0.23613793103448277,10.572896551724137,0.010344827586206896,-0.007586206896551725,-0.23572413793103444
151,-300,200,-200,8000.0,-248.28865979381445,139.17525773195877,-170.90721649484536,0.6766171348258708,0.6292896069651741,0.19159164923857894,0.09194444444444444,-0.26798611111111115,10.551527777777778,0.012638888888888889,-0.014791666666666667,-0.16201388888888887
152,-300,300,-200,8000.0,-253.8556701030928,253.02061855670104,-169.23711340206185,0.6514862985074629,0.6522516318407958,0.24416360995024916,0.1542758620689655,-0.20758620689655174,10.557172413793102,0.010413793103448275,-0.0163448275862069,-0.09572413793103447
153,-100,100,-300,8000.0,-73.76288659793815,41.1958762886598,-239.659793814433,0.11351342594594596,0.5083557263681594,0.8159204825870652,0.13751724137931032,-0.2692413793103448,10.559379310344829,0.00793103448275862,-0.010896551724137931,-0.16682758620689653
154,-100,200,-300,8000.0,-70.40506329113924,146.41237113402062,-245.7835051546392,0.11909400659898488,0.6045415771144277,0.771782273631841,0.18710344827586206,-0.2637241379310345,10.55758620689655,0.007379310344827585,-0.010896551724137931,-0.10455172413793104
155,-100,300,-300,8000.0,-70.3125,251.35051546391753,-248.28865979381445,0.1276652131578949,0.6653912139303481,0.7127185870646771,0.16662068965517243,-0.2087586206896552,10.548827586206896,0.009655172413793104,-0.016551724137931035,-0.034896551724137935
156,-200,100,-300,8000.0,-173.69072164948454,40.63917525773196,-245.50515463917526,0.1881615925373137,0.546370776119403,0.7582602089552238,0.07089655172413793,-0.25655172413793104,10.539931034482759,0.01013793103448276,-0.008482758620689656,-0.23344827586206898
157,-200,200,-300,8000.0,-172.57731958762886,143.35051546391753,-250.79381443298968,0.19020266218905507,0.6318409402985076,0.6822301194029855,0.11393103448275861,-0.2573793103448276,10.548620689655174,0.009241379310344827,-0.0054482758620689655,-0.1646206896551724
158,-200,300,-300,8000.0,-172.8556701030928,250.79381443298968,-251.0721649484536,0.23638199751243846,0.6835056716417911,0.6514863930348258,0.12827586206896552,-0.26062068965517243,10.560206896551724,0.007724137931034484,-0.008965517241379312,-0.1003448275862069
159,-300,100,-300,8000.0,-259.97938144329896,38.96907216494845,-262.2061855670103,0.46983026865671623,0.57673184079602,0.4876897363184079,0.09117241379310344,-0.22751724137931031,10.54151724137931,0.010344827586206896,-0.007103448275862069,-0.30324137931034484
160,-300,200,-300,8000.0,-264.1546391752577,146.69072164948454,-261.64948453608247,0.4193212727272727,0.6111750895522388,0.48245942786069645,0.07475862068965518,-0.2321379310344828,10.549862068965517,0.010551724137931035,-0.007103448275862069,-0.2270344827586207
161,-300,300,-300,8000.0,-262.2061855670103,247.4536082474227,-254.41237113402062,0.4060946450261785,0.6288158111111113,0.43423411945945917,0.08517241379310346,-0.2219310344827586,10.556413793103449,0.00903448275862069,-0.00786206896551724,-0.154551724137931
162,100,-100,-100,8000.0,26.443298969072163,-44.5360824742268,-40.08247422680412,0.8233195124378115,0.4881999502487562,0.524811865671642,0.04227586206896552,-0.2239310344827586,10.592275862068966,0.007724137931034484,-0.009448275862068966,-0.04717241379310345
163,100,-200,-100,8000.0,36.74226804123711,-140.84536082474227,-57.06185567010309,0.7022581691542288,0.6643706218905473,0.29991043980099574,0.03333333333333334,-0.21805555555555556,10.57451388888889,0.00798611111111111,-0.00875,-0.11381944444444445
164,100,-300,-100,8000.0,33.95876288659794,-239.659793814433,-55.6875,0.5925008779569891,0.6495728373134332,0.27087790167597786,-0.011586206896551723,-0.23558620689655171,10.580689655172412,0.010482758620689656,-0.006758620689655172,-0.1758620689655172
165,200,-100,-100,8000.0,135.83505154639175,-42.47191011235955,-41.53846153846154,0.7990815920398013,0.46153834825870654,0.5160097164179107,0.0766896551724138,-0.2523448275862069,10.58544827586207,0.0050344827586206896,-0.010689655172413793,0.015448275862068967
166,200,-200,-100,8000.0,135.55670103092783,-143.90721649484536,-52.608247422680414,0.7683378507462688,0.6148745621890543,0.35743568550000016,0.04124137931034483,-0.22806896551724135,10.586827586206898,0.007103448275862069,-0.009655172413793102,-0.04648275862068966
167,200,-300,-100,8000.0,145.57731958762886,-251.62886597938143,-56.50515463917526,0.6905219552238806,0.6471490199004976,0.3323125631840799,0.06868965517241378,-0.23593103448275857,10.58296551724138,0.008413793103448277,-0.008896551724137931,-0.11462068965517241
168,300,-100,-100,8000.0,241.60824742268042,-46.76288659793814,-42.30927835051546,0.8038015323383092,0.40491973604060877,0.48882487700534777,0.07586206896551724,-0.24882758620689654,10.588482758620689,0.003724137931034483,-0.011931034482758621,0.07931034482758621
169,300,-200,-100,8000.0,241.3298969072165,-147.24742268041237,-45.649484536082475,0.8226814776119407,0.5621891492537314,0.4455924681592044,0.09192000000000002,-0.23104000000000002,10.57672,0.005679999999999999,-0.01056,0.01064
170,300,-300,-100,8000.0,246.89690721649484,-257.7525773195876,-48.154639175257735,0.7622147661691548,0.6155123233830846,0.3733892388059705,0.05503448275862069,-0.23772413793103447,10.581379310344827,0.006068965517241378,-0.009448275862068964,-0.050413793103448276
171,100,-100,-200,8000.0,36.104651162790695,-67.63917525773196,-131.10309278350516,0.67827552238806,0.18064665276381922,0.8095420995024881,0.05103448275862069,-0.2368965517241379,10.585034482758621,0.007793103448275862,-0.009655172413793104,-0.10317241379310345
172,100,-200,-200,8000.0,33.95876288659794,-150.8659793814433,-149.4742268041237,0.6991965870646772,0.482076726368159,0.5338691890547266,0.05337931034482759,-0.2046896551724138,10.58448275862069,0.011172413793103448,-0.008551724137931037,-0.1762068965517241
173,100,-300,-200,8000.0,38.134020618556704,-251.62886597938143,-162.27835051546393,0.64485284079602,0.6465112039800994,0.371093070149254,0.07326388888888888,-0.23652777777777778,10.569722222222222,0.010416666666666666,-0.007152777777777778,-0.23847222222222225
174,200,-100,-200,8000.0,137.7835051546392,-65.41237113402062,-136.11340206185568,0.7779054875621898,0.22426309552238854,0.7707616666666672,0.03137931034482759,-0.2571724137931035,10.588827586206897,0.009241379310344829,-0.00986206896551724,-0.042965517241379314
175,200,-200,-200,8000.0,139.4536082474227,-153.09278350515464,-150.03092783505156,0.7683380199004981,0.4860313482587066,0.5243015820895521,0.07165517241379311,-0.23910344827586208,10.568620689655171,0.006482758620689656,-0.008551724137931033,-0.10875862068965517
176,200,-300,-200,8000.0,136.39175257731958,-253.57731958762886,-155.04123711340208,0.7549433388059705,0.612195557711443,0.4042605577114427,0.07020689655172413,-0.22779310344827586,10.571586206896551,0.008620689655172414,-0.006965517241379311,-0.17275862068965514
177,300,-100,-200,8000.0,240.2164948453608,-64.29896907216495,-136.39175257731958,0.7794362492537318,0.23204471840796057,0.7212656870646771,0.05648275862068967,-0.28406896551724137,10.554413793103448,0.0034482758620689655,-0.012000000000000002,0.021655172413793104
178,300,-200,-200,8000.0,244.39175257731958,-155.04123711340208,-150.30927835051546,0.7893864825870649,0.4578389656716421,0.5066973283582089,0.0643448275862069,-0.2502758620689655,10.566620689655172,0.005172413793103448,-0.010413793103448274,-0.04489655172413793
179,300,-300,-200,8000.0,244.6701030927835,-257.1958762886598,-156.98969072164948,0.7906621890547273,0.5912745024875625,0.4180378661691544,0.10020689655172413,-0.20289655172413792,10.569586206896552,0.009793103448275862,-0.010344827586206896,-0.1130344827586207
180,100,-100,-300,8000.0,36.18556701030928,-69.03092783505154,-236.5979381443299,0.6886084776119403,0.14037141530612238,0.8448781542288563,0.06924137931034484,-0.21510344827586209,10.567379310344828,0.010137931034482758,-0.007517241379310345,-0.1677241379310345
181,100,-200,-300,8000.0,37.29896907216495,-171.7422680412371,-241.3298969072165,0.6926906417910449,0.2520727363184083,0.774588736318409,0.07848275862068965,-0.17144827586206896,10.568758620689653,0.011379310344827585,-0.007793103448275862,-0.23282758620689653
182,100,-300,-300,8000.0,36.74226804123711,-261.64948453608247,-263.0412371134021,0.6953695024875627,0.4984053631840797,0.5135859104477613,0.0713103448275862,-0.18082758620689654,10.553310344827587,0.012965517241379312,-0.008206896551724139,-0.30696551724137927
183,200,-100,-300,8000.0,143.0721649484536,-67.91752577319588,-242.16494845360825,0.6868225422885571,0.15665250049751256,0.7990816666666672,0.06510344827586206,-0.20413793103448277,10.568758620689655,0.008551724137931035,-0.00993103448275862,-0.10420689655172413
184,200,-200,-300,8000.0,140.01030927835052,-168.68041237113403,-248.01030927835052,0.7623423283582094,0.2553894940298513,0.7484374875621892,0.06416666666666665,-0.20631944444444444,10.573958333333334,0.011597222222222222,-0.008819444444444442,-0.16201388888888887
185,200,-300,-300,8000.0,138.61855670103094,-260.5360824742268,-259.1443298969072,0.754943472636816,0.5060594328358209,0.5156269900497512,0.08027777777777778,-0.21291666666666664,10.573472222222222,0.010972222222222222,-0.008055555555555557,-0.23527777777777775
186,300,-100,-300,8000.0,244.6701030927835,-65.2247191011236,-244.11340206185568,0.7376924305000004,0.21658462712765997,0.7442277572139311,0.08317241379310346,-0.18841379310344827,10.574137931034484,0.004689655172413793,-0.010551724137931037,-0.03365517241379311
187,300,-200,-300,8000.0,245.22680412371133,-168.4020618556701,-249.4020618556701,0.7949995621890552,0.2875364512437817,0.7199900049751249,0.08682758620689657,-0.2030344827586207,10.571310344827586,0.008551724137931035,-0.009793103448275862,-0.09151724137931035
188,300,-300,-300,8000.0,241.88659793814432,-262.4845360824742,-256.63917525773195,0.7814773233830854,0.4861589253731343,0.5166475771144278,0.11662068965517242,-0.20889655172413793,10.559586206896551,0.00903448275862069,-0.008689655172413793,-0.16593103448275862
189,-100,-100,-100,8000.0,-51.77319587628866,-53.07954545454545,-51.0722891566265,0.36866920398009995,0.3568054278606963,0.343665960199005,0.09685314685314685,-0.2788111888111888,10.574755244755245,0.006956521739130435,-0.008321678321678322,-0.11174825174825175
190,-100,-200,-100,8000.0,-64.86585365853658,-141.95876288659792,-67.8,0.19223425714285722,0.6840159805970156,0.10271942848484843,0.09866197183098592,-0.2629577464788732,10.558591549295775,0.010211267605633805,-0.008661971830985915,-0.17915492957746476
191,-100,-300,-100,8000.0,-69.30927835051547,-249.68041237113403,-75.15463917525773,0.1306288004975127,0.7119532935323389,0.10594525714285725,0.057172413793103456,-0.27179310344827584,10.560758620689654,0.010137931034482758,-0.0062758620689655166,-0.24834482758620693
192,-200,-100,-100,8000.0,-131.10309278350516,-68.47422680412372,-68.47422680412372,0.8473019457711447,0.12117653401015241,0.08046461215469614,0.07048275862068966,-0.3341379310344828,10.56,0.008275862068965517,-0.004758620689655173,-0.18048275862068963
193,-200,-200,-100,8000.0,-150.30927835051546,-148.63917525773195,-91.02061855670104,0.554024880597015,0.5655058905472636,0.10646874416243651,0.07979166666666665,-0.20402777777777775,10.594166666666666,0.01326388888888889,-0.00576388888888889,-0.24777777777777782
194,-200,-300,-100,8000.0,-157.82474226804123,-247.17525773195877,-91.85567010309278,0.3501719557213934,0.6905219104477613,0.11349724213197968,0.12337931034482759,-0.22896551724137928,10.604413793103447,0.014344827586206896,-0.0019310344827586205,-0.3178620689655172
195,-300,-100,-100,8000.0,-238.5463917525773,-72.9278350515464,-77.84042553191489,0.8393927263681601,0.1162028515957447,0.07980575029585799,0.10889655172413792,-0.20786206896551723,10.60593103448276,0.012827586206896552,-0.005793103448275862,-0.24882758620689654
196,-300,-200,-100,8000.0,-244.6701030927835,-167.01030927835052,-93.80412371134021,0.8022708507462694,0.3102433905472642,0.1558870895522388,0.09751724137931035,-0.20958620689655172,10.596551724137932,0.01496551724137931,-0.004551724137931034,-0.3167586206896551
197,-300,-300,-100,8000.0,-257.7525773195876,-256.08247422680415,-91.29896907216495,0.5672918159203979,0.5339967417910448,0.12993213160621775,0.09620689655172415,-0.21572413793103448,10.59944827586207,0.01586206896551724,-0.00393103448275862,-0.38620689655172413
198,-100,-100,-200,8000.0,-69.58762886597938,-65.71084337349397,-129.98969072164948,0.1016695790697675,0.14274373402061874,0.8064805975124385,0.07917241379310345,-0.14806896551724136,10.598827586206896,0.011517241379310345,-0.007103448275862069,-0.17475862068965514
199,-100,-200,-200,8000.0,-81.58064516129032,-144.18556701030928,-140.56701030927834,0.1035021140243902,0.46990260588235244,0.5180837657894731,0.04124137931034483,-0.1866896551724138,10.589931034482758,0.013448275862068966,-0.005724137931034483,-0.23613793103448277
200,-100,-300,-200,8000.0,-86.28865979381443,-249.95876288659792,-160.60824742268042,0.12095302424242431,0.6858019950248757,0.36305632388059744,0.13558620689655174,-0.23289655172413795,10.60503448275862,0.013103448275862068,-0.004896551724137931,-0.3155862068965517
201,-200,-100,-200,8000.0,-151.42268041237114,-74.5979381443299,-153.37113402061857,0.5065697014925373,0.1390223307291667,0.4726367313432835,0.07868965517241379,-0.16862068965517243,10.584206896551724,0.011655172413793102,-0.006827586206896552,-0.2430344827586207
202,-200,-200,-200,8000.0,-165.61855670103094,-161.72164948453607,-165.9375,0.35259570646766203,0.3607600552238808,0.3097330850746274,0.12324137931034483,-0.2002758620689655,10.595586206896552,0.012551724137931035,-0.005517241379310344,-0.3108275862068965
203,-200,-300,-200,8000.0,-169.51546391752578,-251.0721649484536,-171.18556701030928,0.23076905177665016,0.5801761940298509,0.17404801616161641,0.11986206896551724,-0.2123448275862069,10.587310344827586,0.013379310344827585,-0.00496551724137931,-0.37613793103448273
204,-300,-100,-200,8000.0,-247.17525773195877,-76.82474226804123,-175.91752577319588,0.7470342139303485,0.09338572102272726,0.18511234336734705,0.07089655172413793,-0.12572413793103449,10.591862068965517,0.014413793103448275,-0.007517241379310345,-0.3046896551724138
205,-300,-200,-200,8000.0,-220.15384615384616,-166.32,-155.66666666666666,0.6335472645833335,0.230960376119403,0.19619252803030304,0.03724137931034484,-0.17227586206896553,10.596344827586206,0.014344827586206896,-0.0062068965517241385,-0.3559310344827586
206,-300,-300,-200,8000.0,-259.1443298969072,-262.4845360824742,-179.81443298969072,0.5059318711442784,0.47506054726368163,0.10312756978021977,0.13717241379310346,-0.22758620689655173,10.582068965517243,0.016,-0.004344827586206896,-0.44710344827586207
207,-100,-100,-300,8000.0,-81.55670103092784,-77.65979381443299,-236.5979381443299,0.08220983608247422,0.08774032864583331,0.8809797810945279,0.07020979020979022,-0.21146853146853145,10.584125874125872,0.011118881118881117,-0.006923076923076923,-0.2441958041958042
208,-100,-200,-300,8000.0,-81.62068965517241,-158.90625,-234.37113402061857,0.10116287923497261,0.2814003035533003,0.725092723383085,0.1046896551724138,-0.26068965517241377,10.578344827586205,0.014620689655172414,-0.00613793103448276,-0.30882758620689654
209,-100,-300,-300,8000.0,-84.85714285714286,-264.7113402061856,-254.96907216494844,0.11518928984771577,0.48679674129353256,0.5782626616915426,0.15951724137931036,-0.2315862068965517,10.570758620689654,0.014689655172413793,-0.0050344827586206896,-0.37524137931034485
210,-200,-100,-300,8000.0,-172.8556701030928,-72.4090909090909,-248.84536082474227,0.21303717363184105,0.09579364999999995,0.7044267761194033,0.15340277777777778,-0.23430555555555557,10.57451388888889,0.012430555555555556,-0.005555555555555556,-0.3120138888888889
211,-200,-200,-300,8000.0,-175.36082474226805,-173.41237113402062,-253.57731958762886,0.15295304975124377,0.21099611940298538,0.6292896467661693,0.1313103448275862,-0.22813793103448274,10.589931034482758,0.013931034482758621,-0.005103448275862069,-0.3760689655172414
212,-200,-300,-300,8000.0,-177.03092783505156,-264.4329896907216,-261.37113402061857,0.1118052065989849,0.45158816467661717,0.48322483582089537,0.12020689655172413,-0.2535172413793103,10.579310344827586,0.01475862068965517,-0.0032413793103448275,-0.44572413793103444
213,-300,-100,-300,8000.0,-260.25773195876286,-76.82474226804123,-261.64948453608247,0.5086108059701493,0.10977123081081085,0.45439460199004983,0.11544827586206897,-0.22751724137931037,10.588413793103447,0.013310344827586208,-0.005310344827586207,-0.3749655172413792
214,-300,-200,-300,8000.0,-256.36082474226805,-175.91752577319588,-260.5360824742268,0.4832249109452739,0.14746831878172595,0.3994130049751244,0.11827586206896551,-0.2266206896551724,10.599999999999998,0.015793103448275864,-0.003724137931034483,-0.44351724137931037
215,-300,-300,-300,8000.0,-270.0,-274.7319587628866,-270.83505154639175,0.3754303741293537,0.3356293144278611,0.3162390865671649,0.11710344827586207,-0.23655172413793102,10.594344827586205,0.01793103448275862,-0.0014482758620689652,-0.5164827586206896
